,Player,Tm,Pos,Rec,Rec Yds,Rec TDs,Rushes,Rush Yds,Rush TDs,Pass Yds,Pass TDs,Ints,Standard,Half PPR,PPR
1,Tyreek Hill,KAN,WR,95.0,1388.0,16.3,24.0,134.0,2.2,0.0,0.0,0.0,263.20000000000005,310.70000000000005,358.20000000000005
2,Davante Adams,GNB,WR,100.0,1192.0,15.6,0.0,0.0,0.0,0.0,0.0,0.0,212.8,262.8,312.8
3,Stefon Diggs,BUF,WR,121.0,1458.0,7.6,0.0,1.0,0.0,0.0,0.0,0.0,191.5,252.0,312.5
4,DeAndre Hopkins,ARI,WR,117.0,1428.0,6.1,0.0,1.0,0.0,0.0,0.0,0.0,179.5,238.0,296.5
5,DK Metcalf,SEA,WR,88.0,1383.0,10.6,0.0,0.0,0.0,0.0,0.0,0.0,201.9,245.9,289.9
6,Calvin Ridley,ATL,WR,91.0,1384.0,9.1,0.0,1.0,0.0,0.0,0.0,0.0,193.1,238.6,284.1
7,A.J. Brown,TEN,WR,80.0,1224.0,12.5,0.0,0.0,0.0,0.0,0.0,0.0,197.4,237.4,277.4
8,Keenan Allen,LAC,WR,110.0,1091.0,8.8,0.0,-1.0,0.0,0.0,0.0,0.0,161.8,216.8,271.8
9,Justin Jefferson,MIN,WR,87.0,1379.0,6.9,0.0,2.0,0.0,0.0,0.0,0.0,179.5,223.0,266.5
10,Allen Robinson,CHI,WR,99.0,1210.0,5.8,0.0,-1.0,0.0,0.0,0.0,0.0,155.70000000000002,205.20000000000002,254.70000000000002
11,Michael Thomas,NOR,WR,100.0,1163.0,6.1,-1.0,-6.0,0.0,0.0,0.0,0.0,152.3,202.3,252.3
12,Terry McLaurin,WAS,WR,96.0,1228.0,4.4,6.0,33.0,0.0,0.0,0.0,0.0,152.50000000000003,200.50000000000003,248.50000000000003
13,Julio Jones,TEN,WR,88.0,1233.0,5.3,0.0,-3.0,0.0,0.0,0.0,0.0,154.8,198.8,242.8
14,Chris Godwin,TB,WR,81.0,1051.0,8.8,0.0,0.0,0.0,0.0,0.0,0.0,157.9,198.4,238.9
15,Amari Cooper,DAL,WR,92.0,1109.0,5.0,3.0,14.0,0.0,0.0,0.0,0.0,142.3,188.3,234.3
16,Robert Woods,LAR,WR,83.0,868.0,5.6,26.0,144.0,1.9,0.0,0.0,0.0,146.20000000000002,187.70000000000002,229.20000000000002
17,Mike Evans,TB,WR,64.0,919.0,11.9,0.0,0.0,0.0,0.0,0.0,0.0,163.3,195.3,227.3
18,D.J. Moore,CAR,WR,70.0,1261.0,4.2,4.0,23.0,0.0,0.0,0.0,0.0,153.60000000000002,188.60000000000002,223.60000000000002
19,Courtland Sutton,DEN,WR,72.0,1106.0,6.0,3.0,17.0,0.0,0.0,0.0,0.0,148.3,184.3,220.3
20,CeeDee Lamb,DAL,WR,76.0,963.0,5.1,15.0,84.0,1.0,0.0,0.0,0.0,141.3,179.3,217.3
21,Brandon Aiyuk,SFO,WR,71.0,880.0,5.9,16.0,91.0,2.4,0.0,0.0,0.0,146.9,182.4,217.9
22,Kenny Golladay,NYG,WR,55.0,1006.0,9.3,0.0,0.0,0.0,0.0,0.0,0.0,156.4,183.9,211.4
23,Diontae Johnson,PIT,WR,81.0,847.0,6.4,3.0,14.0,0.0,0.0,0.0,0.0,124.50000000000001,165.0,205.5
24,Cooper Kupp,LAR,WR,89.0,943.0,2.9,6.0,32.0,0.0,0.0,0.0,0.0,114.90000000000002,159.40000000000003,203.90000000000003
25,Adam Thielen,MIN,WR,59.0,739.0,11.2,2.0,12.0,0.0,0.0,0.0,0.0,142.29999999999998,171.79999999999998,201.29999999999998
26,Tyler Lockett,SEA,WR,75.0,789.0,7.5,0.0,0.0,0.0,0.0,0.0,0.0,123.9,161.4,198.9
27,JuJu Smith-Schuster,PIT,WR,81.0,698.0,7.6,0.0,0.0,0.0,0.0,0.0,0.0,115.39999999999999,155.89999999999998,196.39999999999998
28,Will Fuller,MIA,WR,54.0,891.0,8.1,0.0,0.0,0.0,0.0,0.0,0.0,137.7,164.7,191.7
29,Odell Beckham,CLE,WR,69.0,966.0,3.7,2.0,9.0,0.0,0.0,0.0,0.0,119.70000000000002,154.20000000000002,188.70000000000002
30,Tyler Boyd,CIN,WR,77.0,823.0,3.9,9.0,48.0,0.0,0.0,0.0,0.0,110.50000000000001,149.0,187.5
31,D.J. Chark,JAC,WR,64.0,857.0,6.1,0.0,0.0,0.0,0.0,0.0,0.0,122.3,154.3,186.3
32,Corey Davis,NYJ,WR,61.0,925.0,4.7,0.0,0.0,0.0,0.0,0.0,0.0,120.7,151.2,181.7
33,Tee Higgins,CIN,WR,61.0,825.0,5.5,5.0,25.0,0.0,0.0,0.0,0.0,118.0,148.5,179.0
34,Deebo Samuel,SFO,WR,53.0,751.0,2.8,27.0,149.0,2.8,0.0,0.0,0.0,123.60000000000001,150.10000000000002,176.60000000000002
35,Robby Anderson,CAR,WR,74.0,851.0,2.3,2.0,12.0,0.0,0.0,0.0,0.0,100.10000000000001,137.10000000000002,174.10000000000002
36,Ja'Marr Chase,CIN,WR,61.0,805.0,5.2,0.0,0.0,0.0,0.0,0.0,0.0,111.7,142.2,172.7
37,Brandin Cooks,HOU,WR,59.0,838.0,4.4,0.0,0.0,0.0,0.0,0.0,0.0,110.20000000000002,139.70000000000002,169.20000000000002
38,Chase Claypool,PIT,WR,47.0,661.0,6.8,2.0,12.0,1.5,0.0,0.0,0.0,117.10000000000001,140.60000000000002,164.10000000000002
39,Jarvis Landry,CLE,WR,65.0,759.0,2.7,2.0,9.0,0.9,0.0,0.0,0.0,98.40000000000002,130.90000000000003,163.40000000000003
40,Michael Pittman Jr.,IND,WR,65.0,814.0,1.6,8.0,42.0,0.0,0.0,0.0,0.0,95.2,127.7,160.2
41,Marquise Brown,BAL,WR,50.0,666.0,6.9,0.0,1.0,0.0,0.0,0.0,0.0,108.10000000000001,133.10000000000002,158.10000000000002
42,DeVante Parker,MIA,WR,59.0,745.0,3.8,0.0,0.0,0.0,0.0,0.0,0.0,97.3,126.8,156.3
43,Jerry Jeudy,DEN,WR,51.0,847.0,3.0,0.0,0.0,0.0,0.0,0.0,0.0,102.7,128.2,153.7
44,Curtis Samuel,WAS,WR,55.0,612.0,2.2,26.0,144.0,1.4,0.0,0.0,0.0,97.20000000000002,124.70000000000002,152.20000000000002
45,Michael Gallup,DAL,WR,51.0,722.0,4.3,0.0,0.0,0.0,0.0,0.0,0.0,98.0,123.5,149.0
46,Laviska Shenault,JAC,WR,54.0,560.0,4.7,15.0,85.0,0.0,0.0,0.0,0.0,92.7,119.7,146.7
47,T.Y. Hilton,IND,WR,50.0,679.0,4.5,0.0,0.0,0.0,0.0,0.0,0.0,94.9,119.9,144.9
48,Jaylen Waddle,MIA,WR,51.0,672.0,4.3,0.0,0.0,0.0,0.0,0.0,0.0,93.0,118.5,144.0
49,Mike Williams,LAC,WR,44.0,698.0,4.6,0.0,1.0,0.0,0.0,0.0,0.0,97.49999999999999,119.49999999999999,141.5
50,Nelson Agholor,NWE,WR,36.0,681.0,6.1,0.0,0.0,0.0,0.0,0.0,0.0,104.7,122.7,140.7
51,Antonio Brown,TB,WR,49.0,649.0,4.2,0.0,0.0,0.0,0.0,0.0,0.0,90.10000000000001,114.60000000000001,139.10000000000002
52,Marvin Jones,JAC,WR,46.0,594.0,5.5,0.0,0.0,0.0,0.0,0.0,0.0,92.4,115.4,138.4
53,DeVonta Smith,PHI,WR,48.0,640.0,4.1,0.0,0.0,0.0,0.0,0.0,0.0,88.6,112.6,136.6
54,Cole Beasley,BUF,WR,55.0,646.0,2.7,0.0,0.0,0.0,0.0,0.0,0.0,80.80000000000001,108.30000000000001,135.8
55,Henry Ruggs III,LVR,WR,39.0,675.0,3.0,13.0,73.0,0.0,0.0,0.0,0.0,92.8,112.3,131.8
56,Darius Slayton,NYG,WR,45.0,678.0,2.7,0.0,-1.0,0.0,0.0,0.0,0.0,83.9,106.4,128.9
57,Jalen Reagor,PHI,WR,50.0,640.0,1.6,8.0,42.0,0.0,0.0,0.0,0.0,77.8,102.8,127.8
58,John Brown,LVR,WR,42.0,623.0,3.5,1.0,4.0,0.0,0.0,0.0,0.0,83.70000000000002,104.70000000000002,125.70000000000002
59,Darnell Mooney,CHI,WR,50.0,518.0,3.3,3.0,16.0,0.0,0.0,0.0,0.0,73.19999999999999,98.19999999999999,123.19999999999999
60,Mecole Hardman,KAN,WR,40.0,545.0,3.9,5.0,30.0,0.0,0.0,0.0,0.0,80.9,100.9,120.9
61,A.J. Green,ARI,WR,51.0,565.0,2.2,0.0,0.0,0.0,0.0,0.0,0.0,69.7,95.2,120.7
62,Sterling Shepard,NYG,WR,49.0,483.0,2.2,7.0,36.0,0.7,0.0,0.0,0.0,69.30000000000001,93.80000000000001,118.30000000000001
63,Elijah Moore,NYJ,WR,41.0,543.0,3.5,0.0,0.0,0.0,0.0,0.0,0.0,75.30000000000001,95.80000000000001,116.30000000000001
64,Denzel Mims,NYJ,WR,41.0,535.0,3.4,0.0,0.0,0.0,0.0,0.0,0.0,73.9,94.4,114.9
65,Parris Campbell,IND,WR,39.0,514.0,3.3,0.0,0.0,0.0,0.0,0.0,0.0,71.2,90.7,110.2
66,Allen Lazard,GNB,WR,37.0,507.0,3.2,4.0,22.0,0.0,0.0,0.0,0.0,72.10000000000001,90.60000000000001,109.10000000000001
67,Josh Reynolds,TEN,WR,45.0,532.0,1.7,1.0,4.0,0.0,0.0,0.0,0.0,63.800000000000004,86.30000000000001,108.80000000000001
68,Amon-Ra St. Brown,DET,WR,37.0,494.0,3.2,0.0,0.0,0.0,0.0,0.0,0.0,68.60000000000001,87.10000000000001,105.60000000000001
69,Emmanuel Sanders,BUF,WR,39.0,462.0,3.2,1.0,8.0,0.0,0.0,0.0,0.0,66.2,85.7,105.2
70,Hunter Renfrow,LVR,WR,44.0,512.0,1.6,0.0,0.0,0.0,0.0,0.0,0.0,60.800000000000004,82.80000000000001,104.80000000000001
71,Marquez Valdes-Scantling,GNB,WR,24.0,509.0,4.4,2.0,10.0,0.0,0.0,0.0,0.0,78.30000000000001,90.30000000000001,102.30000000000001
72,Tyrell Williams,DET,WR,29.0,455.0,4.2,0.0,0.0,0.0,0.0,0.0,0.0,70.7,85.2,99.7
73,Rashod Bateman,BAL,WR,35.0,462.0,3.0,0.0,0.0,0.0,0.0,0.0,0.0,64.2,81.7,99.2
74,Russell Gage,ATL,WR,40.0,439.0,2.2,1.0,5.0,0.0,0.0,0.0,0.0,57.60000000000001,77.60000000000001,97.60000000000001
75,Jamison Crowder,NYJ,WR,34.0,408.0,3.5,1.0,8.0,0.0,0.0,0.0,0.0,62.6,79.6,96.6
76,Rondale Moore,ARI,WR,34.0,449.0,2.9,0.0,0.0,0.0,0.0,0.0,0.0,62.300000000000004,79.30000000000001,96.30000000000001
77,Jakobi Meyers,NWE,WR,42.0,520.0,0.0,1.0,6.0,0.0,0.0,0.0,0.0,52.6,73.6,94.6
78,Sammy Watkins,BAL,WR,35.0,458.0,2.0,1.0,8.0,0.0,0.0,0.0,0.0,58.6,76.1,93.6
79,Christian Kirk,ARI,WR,30.0,392.0,3.8,0.0,2.0,0.0,0.0,0.0,0.0,62.2,77.2,92.2
80,Gabriel Davis,BUF,WR,23.0,401.0,4.7,0.0,0.0,0.0,0.0,0.0,0.0,68.30000000000001,79.80000000000001,91.30000000000001
81,DeSean Jackson,LAR,WR,32.0,425.0,2.7,0.0,0.0,0.0,0.0,0.0,0.0,58.7,74.7,90.7
82,Breshad Perriman,DET,WR,27.0,462.0,2.7,1.0,5.0,0.0,0.0,0.0,0.0,62.900000000000006,76.4,89.9
83,Tre'quan Smith,NOR,WR,29.0,389.0,3.5,0.0,3.0,0.0,0.0,0.0,0.0,60.2,74.7,89.2
84,Randall Cobb,HOU,WR,31.0,460.0,1.7,1.0,6.0,0.0,0.0,0.0,0.0,56.800000000000004,72.30000000000001,87.80000000000001
85,Kendrick Bourne,NWE,WR,33.0,448.0,1.3,0.0,0.0,0.0,0.0,0.0,0.0,52.60000000000001,69.10000000000001,85.60000000000001
86,Kadarius Toney,NYG,WR,30.0,393.0,2.5,0.0,0.0,0.0,0.0,0.0,0.0,54.300000000000004,69.30000000000001,84.30000000000001
87,K.J. Hamler,DEN,WR,28.0,350.0,2.8,7.0,37.0,0.0,0.0,0.0,0.0,55.5,69.5,83.5
88,Bryan Edwards,LVR,WR,25.0,431.0,2.2,0.0,0.0,0.0,0.0,0.0,0.0,56.300000000000004,68.80000000000001,81.30000000000001
89,Van Jefferson,LAR,WR,32.0,375.0,1.7,0.0,-2.0,0.0,0.0,0.0,0.0,47.5,63.5,79.5
90,Tim Patrick,DEN,WR,25.0,361.0,2.9,0.0,0.0,0.0,0.0,0.0,0.0,53.5,66.0,78.5
1,Patrick Mahomes,KAN,QB,0.0,0.0,0.0,61.0,338.0,2.2,5200.0,42.0,7.0,409.0,409.0,409.0
2,Josh Allen,BUF,QB,0.0,0.0,0.0,71.0,389.0,7.4,4196.0,34.0,9.0,369.14,369.14,369.14
3,Kyler Murray,ARI,QB,0.0,0.0,0.0,140.0,770.0,10.3,3733.0,24.0,11.0,362.12,362.12,362.12
4,Dak Prescott,DAL,QB,0.0,0.0,0.0,51.0,278.0,3.0,4916.0,30.0,11.0,340.44,340.44,340.44
5,Lamar Jackson,BAL,QB,0.0,0.0,0.0,194.0,1068.0,7.4,2931.0,28.0,10.0,360.44000000000005,360.44000000000005,360.44000000000005
6,Russell Wilson,SEA,QB,0.0,0.0,0.0,84.0,464.0,1.8,3809.0,36.0,12.0,329.56,329.56,329.56
7,Justin Herbert,LAC,QB,0.0,0.0,0.0,41.0,224.0,4.8,4144.0,30.0,10.0,316.96,316.96,316.96
8,Tom Brady,TB,QB,0.0,0.0,0.0,1.0,5.0,2.7,4178.0,36.0,11.0,305.82,305.82,305.82
9,Aaron Rodgers,GNB,QB,0.0,0.0,0.0,22.0,122.0,2.5,3526.0,39.0,4.0,316.24,316.24,316.24
10,Jalen Hurts,PHI,QB,0.0,0.0,0.0,180.0,992.0,8.3,2948.0,17.0,11.0,312.92,312.92,312.92
11,Joe Burrow,CIN,QB,0.0,0.0,0.0,42.0,229.0,4.8,4333.0,21.0,8.0,293.02,293.02,293.02
12,Matt Ryan,ATL,QB,0.0,0.0,0.0,16.0,90.0,2.0,4474.0,25.0,11.0,277.96000000000004,277.96000000000004,277.96000000000004
13,Matthew Stafford,LAR,QB,0.0,0.0,0.0,22.0,119.0,0.0,4326.0,28.0,11.0,274.94,274.94,274.94
14,Ryan Tannehill,TEN,QB,0.0,0.0,0.0,40.0,218.0,5.7,3126.0,27.0,6.0,277.04,277.04,277.04
15,Baker Mayfield,CLE,QB,0.0,0.0,0.0,31.0,171.0,1.0,3688.0,27.0,8.0,262.62,262.62,262.62
16,Kirk Cousins,MIN,QB,0.0,0.0,0.0,23.0,128.0,0.8,3511.0,29.0,11.0,252.03999999999996,252.03999999999996,252.03999999999996
17,Tua Tagovailoa,MIA,QB,0.0,0.0,0.0,37.0,203.0,5.6,3372.0,20.0,9.0,250.77999999999997,250.77999999999997,250.77999999999997
18,Carson Wentz,IND,QB,0.0,0.0,0.0,61.0,337.0,6.1,3197.0,20.0,18.0,242.18,242.18,242.18
19,Derek Carr,LVR,QB,0.0,0.0,0.0,22.0,119.0,2.6,3496.0,23.0,8.0,243.34000000000003,243.34000000000003,243.34000000000003
20,Trevor Lawrence,JAC,QB,0.0,0.0,0.0,29.0,159.0,1.3,3697.0,22.0,15.0,229.57999999999998,229.57999999999998,229.57999999999998
21,Daniel Jones,NYG,QB,0.0,0.0,0.0,86.0,472.0,1.1,3282.0,12.0,11.0,211.08,211.08,211.08
22,Cam Newton,NWE,QB,0.0,0.0,0.0,93.0,510.0,10.3,2288.0,7.0,9.0,214.32,214.32,214.32
23,Ben Roethlisberger,PIT,QB,0.0,0.0,0.0,2.0,9.0,0.0,2945.0,26.0,8.0,206.7,206.7,206.7
24,Ryan Fitzpatrick,WAS,QB,0.0,0.0,0.0,36.0,196.0,3.2,2845.0,16.0,10.0,196.6,196.6,196.6
25,Jameis Winston,NOR,QB,0.0,0.0,0.0,23.0,129.0,1.0,2994.0,18.0,12.0,186.66,186.66,186.66
26,Sam Darnold,CAR,QB,0.0,0.0,0.0,50.0,277.0,2.5,2814.0,11.0,14.0,171.26,171.26,171.26
27,Jared Goff,DET,QB,0.0,0.0,0.0,13.0,69.0,2.8,2771.0,14.0,9.0,172.54,172.54,172.54
28,Zach Wilson,NYJ,QB,0.0,0.0,0.0,21.0,114.0,0.9,2653.0,16.0,11.0,164.92000000000002,164.92000000000002,164.92000000000002
29,Jimmy Garoppolo,SFO,QB,0.0,0.0,0.0,7.0,38.0,0.6,2412.0,16.0,8.0,151.88,151.88,151.88
30,Justin Fields,CHI,QB,0.0,0.0,0.0,17.0,92.0,0.7,2137.0,13.0,8.0,134.88,134.88,134.88
31,Drew Lock,DEN,QB,0.0,0.0,0.0,20.0,110.0,2.1,2015.0,11.0,10.0,128.20000000000002,128.20000000000002,128.20000000000002
32,Tyrod Taylor,HOU,QB,0.0,0.0,0.0,15.0,84.0,0.7,1947.0,11.0,8.0,118.47999999999999,118.47999999999999,118.47999999999999
33,Deshaun Watson,HOU,QB,0.0,0.0,0.0,27.0,148.0,1.0,1606.0,11.0,2.0,125.03999999999999,125.03999999999999,125.03999999999999
34,Andy Dalton,CHI,QB,0.0,0.0,0.0,17.0,95.0,0.0,1816.0,12.0,7.0,116.13999999999999,116.13999999999999,116.13999999999999
35,Trey Lance,SFO,QB,0.0,0.0,0.0,12.0,64.0,0.5,1479.0,9.0,6.0,92.56,92.56,92.56
36,Taysom Hill,NOR,QB,0.0,0.0,0.0,60.0,328.0,5.7,665.0,3.0,1.0,103.6,103.6,103.6
37,Teddy Bridgewater,DEN,QB,0.0,0.0,0.0,16.0,88.0,1.6,1174.0,5.0,3.0,79.36,79.36,79.36
38,Jordan Love,GNB,QB,0.0,0.0,0.0,9.0,48.0,0.4,1121.0,7.0,4.0,72.04,72.04,72.04
39,Mac Jones,NWE,QB,0.0,0.0,0.0,7.0,40.0,0.3,929.0,5.0,4.0,54.96,54.96,54.96
40,Davis Mills,HOU,QB,0.0,0.0,0.0,7.0,39.0,0.3,914.0,5.0,4.0,54.260000000000005,54.260000000000005,54.260000000000005
41,Mitchell Trubisky,BUF,QB,0.0,0.0,0.0,12.0,67.0,0.3,707.0,6.0,3.0,54.78,54.78,54.78
42,Marcus Mariota,LVR,QB,0.0,0.0,0.0,13.0,72.0,0.0,676.0,4.0,1.0,48.24,48.24,48.24
43,Dwayne Haskins,PIT,QB,0.0,0.0,0.0,10.0,55.0,0.0,737.0,4.0,4.0,42.980000000000004,42.980000000000004,42.980000000000004
44,Jacoby Brissett,MIA,QB,0.0,0.0,0.0,5.0,25.0,0.2,592.0,3.0,2.0,35.379999999999995,35.379999999999995,35.379999999999995
45,Brandon Allen,CIN,QB,0.0,0.0,0.0,7.0,39.0,0.0,510.0,3.0,2.0,32.300000000000004,32.300000000000004,32.300000000000004
1,Christian McCaffrey,CAR,RB,101.0,875.0,3.5,250.0,1207.0,13.1,0.0,0.0,0.0,307.79999999999995,358.29999999999995,408.79999999999995
2,Dalvin Cook,MIN,RB,45.0,370.0,1.0,319.0,1594.0,16.4,0.0,0.0,0.0,300.8,323.3,345.8
3,Derrick Henry,TEN,RB,19.0,115.0,0.0,383.0,2052.0,17.2,0.0,0.0,0.0,319.9,329.4,338.9
4,Saquon Barkley,NYG,RB,65.0,546.0,2.5,270.0,1250.0,7.5,0.0,0.0,0.0,239.6,272.1,304.6
5,Alvin Kamara,NOR,RB,64.0,586.0,3.9,145.0,723.0,12.4,0.0,0.0,0.0,228.70000000000002,260.70000000000005,292.70000000000005
6,Jonathan Taylor,IND,RB,39.0,323.0,1.1,250.0,1261.0,11.9,0.0,0.0,0.0,236.4,255.9,275.4
7,Nick Chubb,CLE,RB,20.0,187.0,0.0,237.0,1331.0,15.0,0.0,0.0,0.0,241.79999999999998,251.79999999999998,261.79999999999995
8,Ezekiel Elliott,DAL,RB,57.0,370.0,2.2,267.0,1073.0,6.6,0.0,0.0,0.0,197.1,225.6,254.1
9,Aaron Jones,GNB,RB,44.0,332.0,1.9,188.0,1034.0,8.4,0.0,0.0,0.0,198.4,220.4,242.4
10,Cam Akers,LAR,RB,25.0,277.0,2.3,326.0,1407.0,4.5,0.0,0.0,0.0,209.20000000000002,221.70000000000002,234.20000000000002
11,Austin Ekeler,LAC,RB,75.0,557.0,2.8,160.0,733.0,1.4,0.0,0.0,0.0,154.20000000000002,191.70000000000002,229.20000000000002
12,Joe Mixon,CIN,RB,46.0,305.0,2.2,263.0,946.0,6.6,0.0,0.0,0.0,177.9,200.9,223.9
13,Najee Harris,PIT,RB,42.0,341.0,1.2,227.0,954.0,6.3,0.0,0.0,0.0,174.5,195.5,216.5
14,J.K. Dobbins,BAL,RB,23.0,154.0,0.0,172.0,1034.0,11.6,0.0,0.0,0.0,188.4,199.9,211.4
15,Antonio Gibson,WAS,RB,36.0,245.0,0.0,169.0,790.0,10.9,0.0,0.0,0.0,168.9,186.9,204.9
16,D'Andre Swift,DET,RB,48.0,374.0,2.1,119.0,546.0,8.4,0.0,0.0,0.0,155.0,179.0,203.0
17,David Montgomery,CHI,RB,40.0,325.0,1.5,183.0,793.0,5.9,0.0,0.0,0.0,156.20000000000002,176.20000000000002,196.20000000000002
18,Chris Carson,SEA,RB,38.0,298.0,4.1,146.0,706.0,5.2,0.0,0.0,0.0,156.2,175.2,194.2
19,Clyde Edwards-Helaire,KAN,RB,40.0,326.0,1.1,199.0,882.0,4.4,0.0,0.0,0.0,153.8,173.8,193.8
20,Josh Jacobs,LVR,RB,26.0,190.0,0.0,218.0,850.0,9.6,0.0,0.0,0.0,161.6,174.6,187.6
21,Miles Sanders,PHI,RB,30.0,210.0,0.0,175.0,926.0,6.4,0.0,0.0,0.0,152.0,167.0,182.0
22,Myles Gaskin,MIA,RB,43.0,408.0,2.1,149.0,614.0,3.2,0.0,0.0,0.0,134.0,155.5,177.0
23,Mike Davis,ATL,RB,49.0,309.0,1.7,137.0,532.0,5.0,0.0,0.0,0.0,124.30000000000001,148.8,173.3
24,Kareem Hunt,CLE,RB,30.0,237.0,3.9,154.0,656.0,4.7,0.0,0.0,0.0,140.90000000000003,155.90000000000003,170.90000000000003
25,James Robinson,JAC,RB,33.0,232.0,2.0,162.0,723.0,4.7,0.0,0.0,0.0,135.7,152.2,168.7
26,Chase Edmonds,ARI,RB,52.0,394.0,3.9,95.0,439.0,1.0,0.0,0.0,0.0,112.70000000000002,138.70000000000002,164.70000000000002
27,Javonte Williams,DEN,RB,32.0,254.0,0.9,169.0,711.0,4.7,0.0,0.0,0.0,130.10000000000002,146.10000000000002,162.10000000000002
28,Raheem Mostert,SFO,RB,25.0,247.0,1.6,165.0,826.0,3.2,0.0,0.0,0.0,136.10000000000002,148.60000000000002,161.10000000000002
29,Travis Etienne,JAC,RB,31.0,252.0,0.9,168.0,706.0,4.7,0.0,0.0,0.0,129.40000000000003,144.90000000000003,160.40000000000003
30,Michael Carter,NYJ,RB,31.0,247.0,0.9,165.0,693.0,4.6,0.0,0.0,0.0,127.0,142.5,158.0
31,James Conner,ARI,RB,32.0,197.0,0.0,155.0,660.0,5.5,0.0,0.0,0.0,118.7,134.7,150.7
32,Damien Harris,NWE,RB,8.0,84.0,0.0,220.0,1112.0,3.2,0.0,0.0,0.0,138.8,142.8,146.8
33,Kenyan Drake,LVR,RB,18.0,100.0,0.0,175.0,698.0,7.3,0.0,0.0,0.0,123.6,132.6,141.6
34,Ronald Jones,TB,RB,21.0,122.0,0.7,142.0,725.0,5.2,0.0,0.0,0.0,120.10000000000001,130.60000000000002,141.10000000000002
35,Leonard Fournette,TB,RB,38.0,245.0,0.0,102.0,386.0,6.3,0.0,0.0,0.0,100.9,119.9,138.9
36,Zack Moss,BUF,RB,19.0,127.0,1.3,150.0,645.0,5.4,0.0,0.0,0.0,117.4,126.9,136.4
37,David Johnson,HOU,RB,24.0,232.0,1.5,109.0,510.0,4.4,0.0,0.0,0.0,109.60000000000001,121.60000000000001,133.60000000000002
38,Devin Singletary,BUF,RB,34.0,243.0,0.0,141.0,621.0,1.8,0.0,0.0,0.0,97.2,114.2,131.2
39,Trey Sermon,SFO,RB,25.0,202.0,0.7,134.0,565.0,3.8,0.0,0.0,0.0,103.7,116.2,128.7
40,Melvin Gordon,DEN,RB,19.0,95.0,0.6,129.0,591.0,5.4,0.0,0.0,0.0,104.60000000000001,114.10000000000001,123.60000000000001
41,Phillip Lindsay,HOU,RB,13.0,51.0,0.0,216.0,920.0,1.8,0.0,0.0,0.0,107.89999999999999,114.39999999999999,120.89999999999999
42,Tarik Cohen,CHI,RB,34.0,444.0,2.9,62.0,207.0,0.0,0.0,0.0,0.0,82.5,99.5,116.5
43,Jamaal Williams,DET,RB,28.0,216.0,0.9,109.0,463.0,1.8,0.0,0.0,0.0,84.10000000000001,98.10000000000001,112.10000000000001
44,A.J. Dillon,GNB,RB,5.0,57.0,0.0,125.0,659.0,5.4,0.0,0.0,0.0,104.00000000000001,106.50000000000001,109.00000000000001
45,Nyheim Hines,IND,RB,35.0,271.0,2.3,50.0,214.0,1.7,0.0,0.0,0.0,72.5,90.0,107.5
46,Tony Pollard,DAL,RB,24.0,165.0,0.9,87.0,373.0,3.4,0.0,0.0,0.0,79.6,91.6,103.6
47,Giovani Bernard,TB,RB,30.0,227.0,1.9,79.0,266.0,1.9,0.0,0.0,0.0,72.1,87.1,102.1
48,J.D. McKissic,WAS,RB,30.0,372.0,1.3,54.0,231.0,0.6,0.0,0.0,0.0,71.69999999999999,86.69999999999999,101.69999999999999
49,Latavius Murray,NOR,RB,17.0,129.0,0.7,107.0,480.0,2.9,0.0,0.0,0.0,82.5,91.0,99.5
50,James White,NWE,RB,28.0,379.0,1.0,35.0,122.0,2.0,0.0,0.0,0.0,68.1,82.1,96.1
51,Darrell Henderson,LAR,RB,12.0,116.0,0.7,101.0,457.0,3.7,0.0,0.0,0.0,83.7,89.7,95.7
52,Rashaad Penny,SEA,RB,18.0,146.0,0.5,97.0,410.0,2.7,0.0,0.0,0.0,74.80000000000001,83.80000000000001,92.80000000000001
53,Kenneth Gainwell,PHI,RB,18.0,142.0,0.5,94.0,397.0,2.6,0.0,0.0,0.0,72.5,81.5,90.5
54,Marlon Mack,IND,RB,7.0,40.0,0.0,122.0,538.0,3.9,0.0,0.0,0.0,81.2,84.7,88.2
55,Alexander Mattison,MIN,RB,13.0,125.0,1.0,96.0,434.0,2.0,0.0,0.0,0.0,73.9,80.4,86.9
56,Tevin Coleman,NYJ,RB,17.0,135.0,0.5,90.0,378.0,2.5,0.0,0.0,0.0,69.30000000000001,77.80000000000001,86.30000000000001
57,Gus Edwards,BAL,RB,6.0,85.0,0.0,95.0,475.0,3.9,0.0,0.0,0.0,79.4,82.4,85.4
58,Salvon Ahmed,MIA,RB,14.0,76.0,0.0,93.0,398.0,3.7,0.0,0.0,0.0,69.60000000000001,76.60000000000001,83.60000000000001
59,Darrel Williams,KAN,RB,24.0,194.0,0.0,65.0,282.0,1.7,0.0,0.0,0.0,57.80000000000001,69.80000000000001,81.80000000000001
60,Joshua Kelley,LAC,RB,21.0,133.0,0.0,100.0,318.0,1.8,0.0,0.0,0.0,55.900000000000006,66.4,76.9
61,Devontae Booker,NYG,RB,15.0,73.0,0.0,81.0,370.0,2.6,0.0,0.0,0.0,59.9,67.4,74.9
62,Chuba Hubbard,CAR,RB,14.0,116.0,0.4,77.0,326.0,2.2,0.0,0.0,0.0,59.800000000000004,66.80000000000001,73.80000000000001
63,Anthony McFarland Jr.,PIT,RB,19.0,169.0,0.0,103.0,353.0,0.0,0.0,0.0,0.0,52.2,61.7,71.2
64,Mike Boone,DEN,RB,9.0,47.0,0.0,52.0,277.0,4.7,0.0,0.0,0.0,60.60000000000001,65.10000000000001,69.60000000000001
65,Boston Scott,PHI,RB,18.0,154.0,0.7,58.0,271.0,0.7,0.0,0.0,0.0,50.900000000000006,59.900000000000006,68.9
66,Carlos Hyde,JAC,RB,12.0,72.0,0.0,62.0,274.0,3.1,0.0,0.0,0.0,53.2,59.2,65.2
67,Sony Michel,NWE,RB,6.0,98.0,0.9,68.0,384.0,0.9,0.0,0.0,0.0,59.00000000000001,62.00000000000001,65.0
68,Mark Ingram,HOU,RB,7.0,60.0,0.0,86.0,357.0,2.4,0.0,0.0,0.0,56.1,59.6,63.1
69,Malcolm Brown,MIA,RB,12.0,88.0,0.0,55.0,227.0,2.7,0.0,0.0,0.0,47.7,53.7,59.7
70,Justin Jackson,LAC,RB,17.0,159.0,0.0,54.0,248.0,0.0,0.0,0.0,0.0,40.7,49.2,57.7
71,Jerick McKinnon,KAN,RB,15.0,114.0,0.5,37.0,144.0,2.3,0.0,0.0,0.0,42.6,50.1,57.6
72,Matt Breida,BUF,RB,11.0,122.0,0.0,75.0,321.0,0.0,0.0,0.0,0.0,44.300000000000004,49.800000000000004,55.300000000000004
73,Rhamondre Stevenson,NWE,RB,11.0,86.0,0.3,57.0,241.0,1.6,0.0,0.0,0.0,44.1,49.6,55.1
74,Ke'Shawn Vaughn,TB,RB,10.0,84.0,0.3,56.0,235.0,1.6,0.0,0.0,0.0,43.300000000000004,48.300000000000004,53.300000000000004
75,Lamical Perine,NYJ,RB,11.0,64.0,0.0,65.0,235.0,2.0,0.0,0.0,0.0,41.9,47.4,52.9
76,Le'Veon Bell,KAN,RB,16.0,112.0,0.2,60.0,192.0,0.7,0.0,0.0,0.0,35.800000000000004,43.800000000000004,51.800000000000004
77,Kerryon Johnson,PHI,RB,12.0,122.0,0.6,34.0,118.0,1.3,0.0,0.0,0.0,35.400000000000006,41.400000000000006,47.400000000000006
78,Benny Snell,PIT,RB,6.0,37.0,0.0,67.0,221.0,2.4,0.0,0.0,0.0,40.2,43.2,46.2
79,Wayne Gallman,SFO,RB,7.0,38.0,0.0,49.0,225.0,2.0,0.0,0.0,0.0,38.3,41.8,45.3
80,DeeJay Dallas,SEA,RB,13.0,85.0,0.8,26.0,82.0,1.5,0.0,0.0,0.0,30.5,37.0,43.5
1,Travis Kelce,KAN,TE,98.0,1318.0,10.2,0.0,0.0,0.0,0.0,0.0,0.0,193.0,242.0,291.0
2,George Kittle,SFO,TE,101.0,1334.0,4.2,0.0,0.0,0.0,0.0,0.0,0.0,158.60000000000002,209.10000000000002,259.6
3,Darren Waller,LVR,TE,82.0,914.0,6.9,0.0,0.0,0.0,0.0,0.0,0.0,132.8,173.8,214.8
4,T.J. Hockenson,DET,TE,77.0,836.0,6.9,0.0,0.0,0.0,0.0,0.0,0.0,125.00000000000001,163.5,202.0
5,Mark Andrews,BAL,TE,65.0,787.0,7.9,0.0,0.0,0.0,0.0,0.0,0.0,126.10000000000001,158.60000000000002,191.10000000000002
6,Dallas Goedert,PHI,TE,68.0,780.0,4.5,0.0,0.0,0.0,0.0,0.0,0.0,105.0,139.0,173.0
7,Noah Fant,DEN,TE,67.0,728.0,3.2,0.0,0.0,0.0,0.0,0.0,0.0,92.0,125.5,159.0
8,Logan Thomas,WAS,TE,62.0,580.0,5.2,0.0,0.0,0.0,0.0,0.0,0.0,89.2,120.2,151.2
9,Kyle Pitts,ATL,TE,57.0,628.0,4.8,0.0,0.0,0.0,0.0,0.0,0.0,91.6,120.1,148.6
10,Irv Smith Jr.,MIN,TE,45.0,547.0,7.5,0.0,0.0,0.0,0.0,0.0,0.0,99.7,122.2,144.7
11,Robert Tonyan,GNB,TE,41.0,467.0,8.8,0.0,0.0,0.0,0.0,0.0,0.0,99.5,120.0,140.5
12,Mike Gesicki,MIA,TE,46.0,612.0,5.2,0.0,0.0,0.0,0.0,0.0,0.0,92.4,115.4,138.4
13,Tyler Higbee,LAR,TE,46.0,544.0,5.2,0.0,0.0,0.0,0.0,0.0,0.0,85.60000000000001,108.60000000000001,131.60000000000002
14,Jonnu Smith,NWE,TE,37.0,408.0,7.3,0.0,0.0,0.0,0.0,0.0,0.0,84.6,103.1,121.6
15,Evan Engram,NYG,TE,56.0,578.0,0.9,0.0,0.0,0.0,0.0,0.0,0.0,63.2,91.2,119.2
16,Hunter Henry,NWE,TE,51.0,521.0,3.4,0.0,0.0,0.0,0.0,0.0,0.0,72.5,98.0,123.5
17,Rob Gronkowski,TB,TE,35.0,488.0,5.5,0.0,0.0,0.0,0.0,0.0,0.0,81.80000000000001,99.30000000000001,116.80000000000001
18,Anthony Firkser,TEN,TE,53.0,531.0,1.4,0.0,0.0,0.0,0.0,0.0,0.0,61.5,88.0,114.5
19,Jared Cook,LAC,TE,31.0,428.0,5.9,0.0,0.0,0.0,0.0,0.0,0.0,78.20000000000002,93.70000000000002,109.20000000000002
20,Austin Hooper,CLE,TE,43.0,403.0,3.7,0.0,0.0,0.0,0.0,0.0,0.0,62.50000000000001,84.0,105.5
21,Adam Trautman,NOR,TE,40.0,456.0,2.7,0.0,0.0,0.0,0.0,0.0,0.0,61.800000000000004,81.80000000000001,101.80000000000001
22,Zach Ertz,PHI,TE,45.0,416.0,1.2,0.0,0.0,0.0,0.0,0.0,0.0,48.8,71.3,93.8
23,Blake Jarwin,DAL,TE,33.0,393.0,3.2,0.0,0.0,0.0,0.0,0.0,0.0,58.50000000000001,75.0,91.5
24,Eric Ebron,PIT,TE,35.0,353.0,3.2,0.0,0.0,0.0,0.0,0.0,0.0,54.50000000000001,72.0,89.5
25,Hayden Hurst,ATL,TE,32.0,323.0,3.4,0.0,0.0,0.0,0.0,0.0,0.0,52.7,68.7,84.7
26,Gerald Everett,SEA,TE,36.0,365.0,0.9,0.0,0.0,0.0,0.0,0.0,0.0,41.9,59.9,77.9
27,Cole Kmet,CHI,TE,36.0,310.0,2.5,0.0,0.0,0.0,0.0,0.0,0.0,46.0,64.0,82.0
28,Jimmy Graham,CHI,TE,28.0,258.0,4.5,0.0,0.0,0.0,0.0,0.0,0.0,52.8,66.8,80.8
29,O.J. Howard,TB,TE,32.0,431.0,0.9,0.0,0.0,0.0,0.0,0.0,0.0,48.5,64.5,80.5
30,Dawson Knox,BUF,TE,27.0,323.0,3.4,0.0,0.0,0.0,0.0,0.0,0.0,52.7,66.2,79.7
31,Jack Doyle,IND,TE,27.0,291.0,3.5,0.0,0.0,0.0,0.0,0.0,0.0,50.1,63.6,77.1
32,Chris Herndon,NYJ,TE,30.0,273.0,2.9,0.0,0.0,0.0,0.0,0.0,0.0,44.7,59.7,74.7
33,Pat Freiermuth,PIT,TE,28.0,312.0,2.4,0.0,0.0,0.0,0.0,0.0,0.0,45.6,59.6,73.6
